Country ,Product,Unit,Balance,Year,Month,Value
Saudi Arabia,Total oil products,Thousand Barrels per day (kb/d),Exports,2002,Jan,314
Saudi Arabia,Total oil products,Thousand Barrels per day (kb/d),Exports,2002,Feb,506
Saudi Arabia,Total oil products,Thousand Barrels per day (kb/d),Exports,2002,Mar,456
Saudi Arabia,Total oil products,Thousand Barrels per day (kb/d),Exports,2002,Apr,399
Saudi Arabia,Total oil products,Thousand Barrels per day (kb/d),Exports,2002,May,406
Saudi Arabia,Total oil products,Thousand Barrels per day (kb/d),Exports,2002,Jun,387
Saudi Arabia,Total oil products,Thousand Barrels per day (kb/d),Exports,2002,Jul,369
Saudi Arabia,Total oil products,Thousand Barrels per day (kb/d),Exports,2002,Aug,381
Saudi Arabia,Total oil products,Thousand Barrels per day (kb/d),Exports,2002,Sep,393
Saudi Arabia,Total oil products,Thousand Barrels per day (kb/d),Exports,2002,Oct,387
Saudi Arabia,Total oil products,Thousand Barrels per day (kb/d),Exports,2002,Nov,406
Saudi Arabia,Total oil products,Thousand Barrels per day (kb/d),Exports,2002,Dec,380
Saudi Arabia,Total oil products,Thousand Barrels per day (kb/d),Exports,2003,Jan,483
Saudi Arabia,Total oil products,Thousand Barrels per day (kb/d),Exports,2003,Feb,438
Saudi Arabia,Total oil products,Thousand Barrels per day (kb/d),Exports,2003,Mar,320
Saudi Arabia,Total oil products,Thousand Barrels per day (kb/d),Exports,2003,Apr,434
Saudi Arabia,Total oil products,Thousand Barrels per day (kb/d),Exports,2003,May,373
Saudi Arabia,Total oil products,Thousand Barrels per day (kb/d),Exports,2003,Jun,389
Saudi Arabia,Total oil products,Thousand Barrels per day (kb/d),Exports,2003,Jul,356
Saudi Arabia,Total oil products,Thousand Barrels per day (kb/d),Exports,2003,Aug,378
Saudi Arabia,Total oil products,Thousand Barrels per day (kb/d),Exports,2003,Sep,488
Saudi Arabia,Total oil products,Thousand Barrels per day (kb/d),Exports,2003,Oct,426
Saudi Arabia,Total oil products,Thousand Barrels per day (kb/d),Exports,2003,Nov,582
Saudi Arabia,Total oil products,Thousand Barrels per day (kb/d),Exports,2003,Dec,536
Saudi Arabia,Total oil products,Thousand Barrels per day (kb/d),Exports,2004,Jan,569
Saudi Arabia,Total oil products,Thousand Barrels per day (kb/d),Exports,2004,Feb,486
Saudi Arabia,Total oil products,Thousand Barrels per day (kb/d),Exports,2004,Mar,577
Saudi Arabia,Total oil products,Thousand Barrels per day (kb/d),Exports,2004,Apr,373
Saudi Arabia,Total oil products,Thousand Barrels per day (kb/d),Exports,2004,May,373
Saudi Arabia,Total oil products,Thousand Barrels per day (kb/d),Exports,2004,Jun,437
Saudi Arabia,Total oil products,Thousand Barrels per day (kb/d),Exports,2004,Jul,509
Saudi Arabia,Total oil products,Thousand Barrels per day (kb/d),Exports,2004,Aug,518
Saudi Arabia,Total oil products,Thousand Barrels per day (kb/d),Exports,2004,Sep,601
Saudi Arabia,Total oil products,Thousand Barrels per day (kb/d),Exports,2004,Oct,499
Saudi Arabia,Total oil products,Thousand Barrels per day (kb/d),Exports,2004,Nov,644
Saudi Arabia,Total oil products,Thousand Barrels per day (kb/d),Exports,2004,Dec,700
Saudi Arabia,Total oil products,Thousand Barrels per day (kb/d),Exports,2005,Jan,597
Saudi Arabia,Total oil products,Thousand Barrels per day (kb/d),Exports,2005,Feb,631
Saudi Arabia,Total oil products,Thousand Barrels per day (kb/d),Exports,2005,Mar,627
Saudi Arabia,Total oil products,Thousand Barrels per day (kb/d),Exports,2005,Apr,543
Saudi Arabia,Total oil products,Thousand Barrels per day (kb/d),Exports,2005,May,582
Saudi Arabia,Total oil products,Thousand Barrels per day (kb/d),Exports,2005,Jun,543
Saudi Arabia,Total oil products,Thousand Barrels per day (kb/d),Exports,2005,Jul,495
Saudi Arabia,Total oil products,Thousand Barrels per day (kb/d),Exports,2005,Aug,462
Saudi Arabia,Total oil products,Thousand Barrels per day (kb/d),Exports,2005,Sep,532
Saudi Arabia,Total oil products,Thousand Barrels per day (kb/d),Exports,2005,Oct,530
Saudi Arabia,Total oil products,Thousand Barrels per day (kb/d),Exports,2005,Nov,520
Saudi Arabia,Total oil products,Thousand Barrels per day (kb/d),Exports,2005,Dec,577
Saudi Arabia,Total oil products,Thousand Barrels per day (kb/d),Exports,2006,Jan,579
Saudi Arabia,Total oil products,Thousand Barrels per day (kb/d),Exports,2006,Feb,579
Saudi Arabia,Total oil products,Thousand Barrels per day (kb/d),Exports,2006,Mar,497
Saudi Arabia,Total oil products,Thousand Barrels per day (kb/d),Exports,2006,Apr,503
Saudi Arabia,Total oil products,Thousand Barrels per day (kb/d),Exports,2006,May,570
Saudi Arabia,Total oil products,Thousand Barrels per day (kb/d),Exports,2006,Jun,544
Saudi Arabia,Total oil products,Thousand Barrels per day (kb/d),Exports,2006,Jul,468
Saudi Arabia,Total oil products,Thousand Barrels per day (kb/d),Exports,2006,Aug,369
Saudi Arabia,Total oil products,Thousand Barrels per day (kb/d),Exports,2006,Sep,372
Saudi Arabia,Total oil products,Thousand Barrels per day (kb/d),Exports,2006,Oct,475
Saudi Arabia,Total oil products,Thousand Barrels per day (kb/d),Exports,2006,Nov,584
Saudi Arabia,Total oil products,Thousand Barrels per day (kb/d),Exports,2006,Dec,522
Saudi Arabia,Total oil products,Thousand Barrels per day (kb/d),Exports,2007,Jan,482
Saudi Arabia,Total oil products,Thousand Barrels per day (kb/d),Exports,2007,Feb,474
Saudi Arabia,Total oil products,Thousand Barrels per day (kb/d),Exports,2007,Mar,384
Saudi Arabia,Total oil products,Thousand Barrels per day (kb/d),Exports,2007,Apr,413
Saudi Arabia,Total oil products,Thousand Barrels per day (kb/d),Exports,2007,May,271
Saudi Arabia,Total oil products,Thousand Barrels per day (kb/d),Exports,2007,Jun,313
Saudi Arabia,Total oil products,Thousand Barrels per day (kb/d),Exports,2007,Jul,332
Saudi Arabia,Total oil products,Thousand Barrels per day (kb/d),Exports,2007,Aug,353
Saudi Arabia,Total oil products,Thousand Barrels per day (kb/d),Exports,2007,Sep,340
Saudi Arabia,Total oil products,Thousand Barrels per day (kb/d),Exports,2007,Oct,335
Saudi Arabia,Total oil products,Thousand Barrels per day (kb/d),Exports,2007,Nov,297
Saudi Arabia,Total oil products,Thousand Barrels per day (kb/d),Exports,2007,Dec,484
Saudi Arabia,Total oil products,Thousand Barrels per day (kb/d),Exports,2008,Jan,318
Saudi Arabia,Total oil products,Thousand Barrels per day (kb/d),Exports,2008,Feb,533
Saudi Arabia,Total oil products,Thousand Barrels per day (kb/d),Exports,2008,Mar,450
Saudi Arabia,Total oil products,Thousand Barrels per day (kb/d),Exports,2008,Apr,302
Saudi Arabia,Total oil products,Thousand Barrels per day (kb/d),Exports,2008,May,273
Saudi Arabia,Total oil products,Thousand Barrels per day (kb/d),Exports,2008,Jun,320
Saudi Arabia,Total oil products,Thousand Barrels per day (kb/d),Exports,2008,Jul,257
Saudi Arabia,Total oil products,Thousand Barrels per day (kb/d),Exports,2008,Aug,254
Saudi Arabia,Total oil products,Thousand Barrels per day (kb/d),Exports,2008,Sep,328
Saudi Arabia,Total oil products,Thousand Barrels per day (kb/d),Exports,2008,Oct,283
Saudi Arabia,Total oil products,Thousand Barrels per day (kb/d),Exports,2008,Nov,448
Saudi Arabia,Total oil products,Thousand Barrels per day (kb/d),Exports,2008,Dec,574
Saudi Arabia,Total oil products,Thousand Barrels per day (kb/d),Exports,2009,Jan,444
Saudi Arabia,Total oil products,Thousand Barrels per day (kb/d),Exports,2009,Feb,456
Saudi Arabia,Total oil products,Thousand Barrels per day (kb/d),Exports,2009,Mar,561
Saudi Arabia,Total oil products,Thousand Barrels per day (kb/d),Exports,2009,Apr,467
Saudi Arabia,Total oil products,Thousand Barrels per day (kb/d),Exports,2009,May,400
Saudi Arabia,Total oil products,Thousand Barrels per day (kb/d),Exports,2009,Jun,433
Saudi Arabia,Total oil products,Thousand Barrels per day (kb/d),Exports,2009,Jul,335
Saudi Arabia,Total oil products,Thousand Barrels per day (kb/d),Exports,2009,Aug,338
Saudi Arabia,Total oil products,Thousand Barrels per day (kb/d),Exports,2009,Sep,469
Saudi Arabia,Total oil products,Thousand Barrels per day (kb/d),Exports,2009,Oct,375
Saudi Arabia,Total oil products,Thousand Barrels per day (kb/d),Exports,2009,Nov,338
Saudi Arabia,Total oil products,Thousand Barrels per day (kb/d),Exports,2009,Dec,310
Saudi Arabia,Total oil products,Thousand Barrels per day (kb/d),Exports,2010,Jan,242
Saudi Arabia,Total oil products,Thousand Barrels per day (kb/d),Exports,2010,Feb,372
Saudi Arabia,Total oil products,Thousand Barrels per day (kb/d),Exports,2010,Mar,366
Saudi Arabia,Total oil products,Thousand Barrels per day (kb/d),Exports,2010,Apr,398
Saudi Arabia,Total oil products,Thousand Barrels per day (kb/d),Exports,2010,May,348
Saudi Arabia,Total oil products,Thousand Barrels per day (kb/d),Exports,2010,Jun,348
Saudi Arabia,Total oil products,Thousand Barrels per day (kb/d),Exports,2010,Jul,362
Saudi Arabia,Total oil products,Thousand Barrels per day (kb/d),Exports,2010,Aug,421
Saudi Arabia,Total oil products,Thousand Barrels per day (kb/d),Exports,2010,Sep,436
Saudi Arabia,Total oil products,Thousand Barrels per day (kb/d),Exports,2010,Oct,389
Saudi Arabia,Total oil products,Thousand Barrels per day (kb/d),Exports,2010,Nov,312
Saudi Arabia,Total oil products,Thousand Barrels per day (kb/d),Exports,2010,Dec,400
Saudi Arabia,Total oil products,Thousand Barrels per day (kb/d),Exports,2011,Jan,477
Saudi Arabia,Total oil products,Thousand Barrels per day (kb/d),Exports,2011,Feb,725
Saudi Arabia,Total oil products,Thousand Barrels per day (kb/d),Exports,2011,Mar,461
Saudi Arabia,Total oil products,Thousand Barrels per day (kb/d),Exports,2011,Apr,533
Saudi Arabia,Total oil products,Thousand Barrels per day (kb/d),Exports,2011,May,525
Saudi Arabia,Total oil products,Thousand Barrels per day (kb/d),Exports,2011,Jun,576
Saudi Arabia,Total oil products,Thousand Barrels per day (kb/d),Exports,2011,Jul,729
Saudi Arabia,Total oil products,Thousand Barrels per day (kb/d),Exports,2011,Aug,655
Saudi Arabia,Total oil products,Thousand Barrels per day (kb/d),Exports,2011,Sep,723
Saudi Arabia,Total oil products,Thousand Barrels per day (kb/d),Exports,2011,Oct,671
Saudi Arabia,Total oil products,Thousand Barrels per day (kb/d),Exports,2011,Nov,725
Saudi Arabia,Total oil products,Thousand Barrels per day (kb/d),Exports,2011,Dec,743
Saudi Arabia,Total oil products,Thousand Barrels per day (kb/d),Exports,2012,Jan,585
Saudi Arabia,Total oil products,Thousand Barrels per day (kb/d),Exports,2012,Feb,665
Saudi Arabia,Total oil products,Thousand Barrels per day (kb/d),Exports,2012,Mar,613
Saudi Arabia,Total oil products,Thousand Barrels per day (kb/d),Exports,2012,Apr,635
Saudi Arabia,Total oil products,Thousand Barrels per day (kb/d),Exports,2012,May,693
Saudi Arabia,Total oil products,Thousand Barrels per day (kb/d),Exports,2012,Jun,672
Saudi Arabia,Total oil products,Thousand Barrels per day (kb/d),Exports,2012,Jul,612
Saudi Arabia,Total oil products,Thousand Barrels per day (kb/d),Exports,2012,Aug,691
Saudi Arabia,Total oil products,Thousand Barrels per day (kb/d),Exports,2012,Sep,648
Saudi Arabia,Total oil products,Thousand Barrels per day (kb/d),Exports,2012,Oct,664
Saudi Arabia,Total oil products,Thousand Barrels per day (kb/d),Exports,2012,Nov,656
Saudi Arabia,Total oil products,Thousand Barrels per day (kb/d),Exports,2012,Dec,666
Saudi Arabia,Total oil products,Thousand Barrels per day (kb/d),Exports,2013,Jan,524
Saudi Arabia,Total oil products,Thousand Barrels per day (kb/d),Exports,2013,Feb,653
Saudi Arabia,Total oil products,Thousand Barrels per day (kb/d),Exports,2013,Mar,506
Saudi Arabia,Total oil products,Thousand Barrels per day (kb/d),Exports,2013,Apr,488
Saudi Arabia,Total oil products,Thousand Barrels per day (kb/d),Exports,2013,May,462
Saudi Arabia,Total oil products,Thousand Barrels per day (kb/d),Exports,2013,Jun,635
Saudi Arabia,Total oil products,Thousand Barrels per day (kb/d),Exports,2013,Jul,675
Saudi Arabia,Total oil products,Thousand Barrels per day (kb/d),Exports,2013,Aug,621
Saudi Arabia,Total oil products,Thousand Barrels per day (kb/d),Exports,2013,Sep,587
Saudi Arabia,Total oil products,Thousand Barrels per day (kb/d),Exports,2013,Oct,595
Saudi Arabia,Total oil products,Thousand Barrels per day (kb/d),Exports,2013,Nov,568
Saudi Arabia,Total oil products,Thousand Barrels per day (kb/d),Exports,2013,Dec,883
Saudi Arabia,Total oil products,Thousand Barrels per day (kb/d),Exports,2014,Jan,912
Saudi Arabia,Total oil products,Thousand Barrels per day (kb/d),Exports,2014,Feb,814
Saudi Arabia,Total oil products,Thousand Barrels per day (kb/d),Exports,2014,Mar,877
Saudi Arabia,Total oil products,Thousand Barrels per day (kb/d),Exports,2014,Apr,825
Saudi Arabia,Total oil products,Thousand Barrels per day (kb/d),Exports,2014,May,827
Saudi Arabia,Total oil products,Thousand Barrels per day (kb/d),Exports,2014,Jun,731
Saudi Arabia,Total oil products,Thousand Barrels per day (kb/d),Exports,2014,Jul,707
Saudi Arabia,Total oil products,Thousand Barrels per day (kb/d),Exports,2014,Aug,1023
Saudi Arabia,Total oil products,Thousand Barrels per day (kb/d),Exports,2014,Sep,787
Saudi Arabia,Total oil products,Thousand Barrels per day (kb/d),Exports,2014,Oct,909
Saudi Arabia,Total oil products,Thousand Barrels per day (kb/d),Exports,2014,Nov,878
Saudi Arabia,Total oil products,Thousand Barrels per day (kb/d),Exports,2014,Dec,1050
Saudi Arabia,Total oil products,Thousand Barrels per day (kb/d),Exports,2015,Jan,798
Saudi Arabia,Total oil products,Thousand Barrels per day (kb/d),Exports,2015,Feb,815
Saudi Arabia,Total oil products,Thousand Barrels per day (kb/d),Exports,2015,Mar,838
Saudi Arabia,Total oil products,Thousand Barrels per day (kb/d),Exports,2015,Apr,953
Saudi Arabia,Total oil products,Thousand Barrels per day (kb/d),Exports,2015,May,1318
Saudi Arabia,Total oil products,Thousand Barrels per day (kb/d),Exports,2015,Jun,1008
Saudi Arabia,Total oil products,Thousand Barrels per day (kb/d),Exports,2015,Jul,1075
Saudi Arabia,Total oil products,Thousand Barrels per day (kb/d),Exports,2015,Aug,1347
Saudi Arabia,Total oil products,Thousand Barrels per day (kb/d),Exports,2015,Sep,1190
Saudi Arabia,Total oil products,Thousand Barrels per day (kb/d),Exports,2015,Oct,1093
Saudi Arabia,Total oil products,Thousand Barrels per day (kb/d),Exports,2015,Nov,1182
Saudi Arabia,Total oil products,Thousand Barrels per day (kb/d),Exports,2015,Dec,1441
Saudi Arabia,Total oil products,Thousand Barrels per day (kb/d),Exports,2016,Jan,1343
Saudi Arabia,Total oil products,Thousand Barrels per day (kb/d),Exports,2016,Feb,1550
Saudi Arabia,Total oil products,Thousand Barrels per day (kb/d),Exports,2016,Mar,1341
Saudi Arabia,Total oil products,Thousand Barrels per day (kb/d),Exports,2016,Apr,1524
Saudi Arabia,Total oil products,Thousand Barrels per day (kb/d),Exports,2016,May,1361
Saudi Arabia,Total oil products,Thousand Barrels per day (kb/d),Exports,2016,Jun,1371
Saudi Arabia,Total oil products,Thousand Barrels per day (kb/d),Exports,2016,Jul,1367
Saudi Arabia,Total oil products,Thousand Barrels per day (kb/d),Exports,2016,Aug,1370
Saudi Arabia,Total oil products,Thousand Barrels per day (kb/d),Exports,2016,Sep,1349
Saudi Arabia,Total oil products,Thousand Barrels per day (kb/d),Exports,2016,Oct,1443
Saudi Arabia,Total oil products,Thousand Barrels per day (kb/d),Exports,2016,Nov,1226
Saudi Arabia,Total oil products,Thousand Barrels per day (kb/d),Exports,2016,Dec,1136
Saudi Arabia,Total oil products,Thousand Barrels per day (kb/d),Exports,2017,Jan,1154
Saudi Arabia,Total oil products,Thousand Barrels per day (kb/d),Exports,2017,Feb,1515
Saudi Arabia,Total oil products,Thousand Barrels per day (kb/d),Exports,2017,Mar,1399
Saudi Arabia,Total oil products,Thousand Barrels per day (kb/d),Exports,2017,Apr,1455
Saudi Arabia,Total oil products,Thousand Barrels per day (kb/d),Exports,2017,May,1279
Saudi Arabia,Total oil products,Thousand Barrels per day (kb/d),Exports,2017,Jun,1362
Saudi Arabia,Total oil products,Thousand Barrels per day (kb/d),Exports,2017,Jul,1441
Saudi Arabia,Total oil products,Thousand Barrels per day (kb/d),Exports,2017,Aug,1448
Saudi Arabia,Total oil products,Thousand Barrels per day (kb/d),Exports,2017,Sep,1550
Saudi Arabia,Total oil products,Thousand Barrels per day (kb/d),Exports,2017,Oct,1598
Saudi Arabia,Total oil products,Thousand Barrels per day (kb/d),Exports,2017,Nov,1569
Saudi Arabia,Total oil products,Thousand Barrels per day (kb/d),Exports,2017,Dec,1506
Saudi Arabia,Total oil products,Thousand Barrels per day (kb/d),Exports,2018,Jan,1912
Saudi Arabia,Total oil products,Thousand Barrels per day (kb/d),Exports,2018,Feb,2000
Saudi Arabia,Total oil products,Thousand Barrels per day (kb/d),Exports,2018,Mar,1751
Saudi Arabia,Total oil products,Thousand Barrels per day (kb/d),Exports,2018,Apr,1664
Saudi Arabia,Total oil products,Thousand Barrels per day (kb/d),Exports,2018,May,1886
Saudi Arabia,Total oil products,Thousand Barrels per day (kb/d),Exports,2018,Jun,1999
Saudi Arabia,Total oil products,Thousand Barrels per day (kb/d),Exports,2018,Jul,2084
Saudi Arabia,Total oil products,Thousand Barrels per day (kb/d),Exports,2018,Aug,2138
Saudi Arabia,Total oil products,Thousand Barrels per day (kb/d),Exports,2018,Sep,1976
Saudi Arabia,Total oil products,Thousand Barrels per day (kb/d),Exports,2018,Oct,2069
Saudi Arabia,Total oil products,Thousand Barrels per day (kb/d),Exports,2018,Nov,2059
Saudi Arabia,Total oil products,Thousand Barrels per day (kb/d),Exports,2018,Dec,2113
Saudi Arabia,Total oil products,Thousand Barrels per day (kb/d),Exports,2019,Jan,1616
Saudi Arabia,Total oil products,Thousand Barrels per day (kb/d),Exports,2019,Feb,1461
Saudi Arabia,Total oil products,Thousand Barrels per day (kb/d),Exports,2019,Mar,1473
Saudi Arabia,Total oil products,Thousand Barrels per day (kb/d),Exports,2019,Apr,1393
Saudi Arabia,Total oil products,Thousand Barrels per day (kb/d),Exports,2019,May,1260
Saudi Arabia,Total oil products,Thousand Barrels per day (kb/d),Exports,2019,Jun,1277
Saudi Arabia,Total oil products,Thousand Barrels per day (kb/d),Exports,2019,Jul,1220
Saudi Arabia,Total oil products,Thousand Barrels per day (kb/d),Exports,2019,Aug,1336
Saudi Arabia,Total oil products,Thousand Barrels per day (kb/d),Exports,2019,Sep,1401
Saudi Arabia,Total oil products,Thousand Barrels per day (kb/d),Exports,2019,Oct,959
Saudi Arabia,Total oil products,Thousand Barrels per day (kb/d),Exports,2019,Nov,1173
Saudi Arabia,Total oil products,Thousand Barrels per day (kb/d),Exports,2019,Dec,1051
Saudi Arabia,Total oil products,Thousand Barrels per day (kb/d),Exports,2020,Jan,748
Saudi Arabia,Total oil products,Thousand Barrels per day (kb/d),Exports,2020,Feb,550
Saudi Arabia,Total oil products,Thousand Barrels per day (kb/d),Exports,2020,Mar,795
Saudi Arabia,Total oil products,Thousand Barrels per day (kb/d),Exports,2020,Apr,1099
Saudi Arabia,Total oil products,Thousand Barrels per day (kb/d),Exports,2020,May,1457
Saudi Arabia,Total oil products,Thousand Barrels per day (kb/d),Exports,2020,Jun,1087
Saudi Arabia,Total oil products,Thousand Barrels per day (kb/d),Exports,2020,Jul,903
Saudi Arabia,Total oil products,Thousand Barrels per day (kb/d),Exports,2020,Aug,1017
Saudi Arabia,Total oil products,Thousand Barrels per day (kb/d),Exports,2020,Sep,1027
Saudi Arabia,Total oil products,Thousand Barrels per day (kb/d),Exports,2020,Oct,1217
Saudi Arabia,Total oil products,Thousand Barrels per day (kb/d),Exports,2020,Nov,1068
Saudi Arabia,Total oil products,Thousand Barrels per day (kb/d),Exports,2020,Dec,1213
Saudi Arabia,Total oil products,Thousand Barrels per day (kb/d),Exports,2021,Jan,1170
Saudi Arabia,Total oil products,Thousand Barrels per day (kb/d),Exports,2021,Feb,1230
Saudi Arabia,Total oil products,Thousand Barrels per day (kb/d),Exports,2021,Mar,1109
Saudi Arabia,Total oil products,Thousand Barrels per day (kb/d),Exports,2021,Apr,1216
Saudi Arabia,Total oil products,Thousand Barrels per day (kb/d),Exports,2021,May,1286
Saudi Arabia,Total oil products,Thousand Barrels per day (kb/d),Exports,2021,Jun,1358
Saudi Arabia,Total oil products,Thousand Barrels per day (kb/d),Exports,2021,Jul,1323
Saudi Arabia,Total oil products,Thousand Barrels per day (kb/d),Exports,2021,Aug,1447
Saudi Arabia,Total oil products,Thousand Barrels per day (kb/d),Exports,2021,Sep,1324
Saudi Arabia,Total oil products,Thousand Barrels per day (kb/d),Exports,2021,Oct,1430
Saudi Arabia,Total oil products,Thousand Barrels per day (kb/d),Exports,2021,Nov,1553
Saudi Arabia,Total oil products,Thousand Barrels per day (kb/d),Exports,2021,Dec,1670
Saudi Arabia,Total oil products,Thousand Barrels per day (kb/d),Exports,2022,Jan,1416
Saudi Arabia,Total oil products,Thousand Barrels per day (kb/d),Exports,2022,Feb,1695
Saudi Arabia,Total oil products,Thousand Barrels per day (kb/d),Exports,2022,Mar,1488
Saudi Arabia,Total oil products,Thousand Barrels per day (kb/d),Exports,2022,Apr,1473
Saudi Arabia,Total oil products,Thousand Barrels per day (kb/d),Exports,2022,May,1527
Saudi Arabia,Total oil products,Thousand Barrels per day (kb/d),Exports,2022,Jun,1599
Saudi Arabia,Total oil products,Thousand Barrels per day (kb/d),Exports,2022,Jul,1429
Saudi Arabia,Total oil products,Thousand Barrels per day (kb/d),Exports,2022,Aug,1403
Saudi Arabia,Total oil products,Thousand Barrels per day (kb/d),Exports,2022,Sep,1445
Saudi Arabia,Total oil products,Thousand Barrels per day (kb/d),Exports,2022,Oct,1582
Saudi Arabia,Total oil products,Thousand Barrels per day (kb/d),Exports,2022,Nov,1178
Saudi Arabia,Total oil products,Thousand Barrels per day (kb/d),Exports,2022,Dec,1400
Saudi Arabia,Total oil products,Thousand Barrels per day (kb/d),Exports,2023,Jan,1266
Saudi Arabia,Total oil products,Thousand Barrels per day (kb/d),Exports,2023,Feb,1484
Saudi Arabia,Total oil products,Thousand Barrels per day (kb/d),Exports,2023,Mar,1472
Saudi Arabia,Total oil products,Thousand Barrels per day (kb/d),Exports,2023,Apr,1547
Saudi Arabia,Total oil products,Thousand Barrels per day (kb/d),Exports,2023,May,1373
Saudi Arabia,Total oil products,Thousand Barrels per day (kb/d),Exports,2023,Jun,1347
Saudi Arabia,Total oil products,Thousand Barrels per day (kb/d),Exports,2023,Jul,1144
Saudi Arabia,Total oil products,Thousand Barrels per day (kb/d),Exports,2023,Aug,1326
Saudi Arabia,Total oil products,Thousand Barrels per day (kb/d),Exports,2023,Sep,1309
Saudi Arabia,Total oil products,Thousand Barrels per day (kb/d),Exports,2023,Oct,1043
Saudi Arabia,Total oil products,Thousand Barrels per day (kb/d),Exports,2023,Nov,841
Saudi Arabia,Total oil products,Thousand Barrels per day (kb/d),Exports,2023,Dec,1137
