Country,Product,Balance,Unit,Year,Month,Value,,,,,,,,,,,,,,,,,,,,,,,,,,,,,,,,
Saudi Arabia,Total oil products,Refinery Output,Thousand Barrels per day (kb/d),2002,Jan,1326,,,,,,,,,,,,,,,,,,,,,,,,,,,,,,,,
Saudi Arabia,Total oil products,Refinery Output,Thousand Barrels per day (kb/d),2002,Feb,1379,,,,,,,,,,,,,,,,,,,,,,,,,,,,,,,,
Saudi Arabia,Total oil products,Refinery Output,Thousand Barrels per day (kb/d),2002,Mar,1306,,,,,,,,,,,,,,,,,,,,,,,,,,,,,,,,
Saudi Arabia,Total oil products,Refinery Output,Thousand Barrels per day (kb/d),2002,Apr,1214,,,,,,,,,,,,,,,,,,,,,,,,,,,,,,,,
Saudi Arabia,Total oil products,Refinery Output,Thousand Barrels per day (kb/d),2002,May,1343,,,,,,,,,,,,,,,,,,,,,,,,,,,,,,,,
Saudi Arabia,Total oil products,Refinery Output,Thousand Barrels per day (kb/d),2002,Jun,1370,,,,,,,,,,,,,,,,,,,,,,,,,,,,,,,,
Saudi Arabia,Total oil products,Refinery Output,Thousand Barrels per day (kb/d),2002,Jul,1294,,,,,,,,,,,,,,,,,,,,,,,,,,,,,,,,
Saudi Arabia,Total oil products,Refinery Output,Thousand Barrels per day (kb/d),2002,Aug,1290,,,,,,,,,,,,,,,,,,,,,,,,,,,,,,,,
Saudi Arabia,Total oil products,Refinery Output,Thousand Barrels per day (kb/d),2002,Sep,1314,,,,,,,,,,,,,,,,,,,,,,,,,,,,,,,,
Saudi Arabia,Total oil products,Refinery Output,Thousand Barrels per day (kb/d),2002,Oct,1378,,,,,,,,,,,,,,,,,,,,,,,,,,,,,,,,
Saudi Arabia,Total oil products,Refinery Output,Thousand Barrels per day (kb/d),2002,Nov,1395,,,,,,,,,,,,,,,,,,,,,,,,,,,,,,,,
Saudi Arabia,Total oil products,Refinery Output,Thousand Barrels per day (kb/d),2002,Dec,1378,,,,,,,,,,,,,,,,,,,,,,,,,,,,,,,,
Saudi Arabia,Total oil products,Refinery Output,Thousand Barrels per day (kb/d),2003,Jan,1421,,,,,,,,,,,,,,,,,,,,,,,,,,,,,,,,
Saudi Arabia,Total oil products,Refinery Output,Thousand Barrels per day (kb/d),2003,Feb,1431,,,,,,,,,,,,,,,,,,,,,,,,,,,,,,,,
Saudi Arabia,Total oil products,Refinery Output,Thousand Barrels per day (kb/d),2003,Mar,1309,,,,,,,,,,,,,,,,,,,,,,,,,,,,,,,,
Saudi Arabia,Total oil products,Refinery Output,Thousand Barrels per day (kb/d),2003,Apr,1337,,,,,,,,,,,,,,,,,,,,,,,,,,,,,,,,
Saudi Arabia,Total oil products,Refinery Output,Thousand Barrels per day (kb/d),2003,May,1441,,,,,,,,,,,,,,,,,,,,,,,,,,,,,,,,
Saudi Arabia,Total oil products,Refinery Output,Thousand Barrels per day (kb/d),2003,Jun,1392,,,,,,,,,,,,,,,,,,,,,,,,,,,,,,,,
Saudi Arabia,Total oil products,Refinery Output,Thousand Barrels per day (kb/d),2003,Jul,1421,,,,,,,,,,,,,,,,,,,,,,,,,,,,,,,,
Saudi Arabia,Total oil products,Refinery Output,Thousand Barrels per day (kb/d),2003,Aug,1409,,,,,,,,,,,,,,,,,,,,,,,,,,,,,,,,
Saudi Arabia,Total oil products,Refinery Output,Thousand Barrels per day (kb/d),2003,Sep,1526,,,,,,,,,,,,,,,,,,,,,,,,,,,,,,,,
Saudi Arabia,Total oil products,Refinery Output,Thousand Barrels per day (kb/d),2003,Oct,1509,,,,,,,,,,,,,,,,,,,,,,,,,,,,,,,,
Saudi Arabia,Total oil products,Refinery Output,Thousand Barrels per day (kb/d),2003,Nov,1587,,,,,,,,,,,,,,,,,,,,,,,,,,,,,,,,
Saudi Arabia,Total oil products,Refinery Output,Thousand Barrels per day (kb/d),2003,Dec,1580,,,,,,,,,,,,,,,,,,,,,,,,,,,,,,,,
Saudi Arabia,Total oil products,Refinery Output,Thousand Barrels per day (kb/d),2004,Jan,1536,,,,,,,,,,,,,,,,,,,,,,,,,,,,,,,,
Saudi Arabia,Total oil products,Refinery Output,Thousand Barrels per day (kb/d),2004,Feb,1666,,,,,,,,,,,,,,,,,,,,,,,,,,,,,,,,
Saudi Arabia,Total oil products,Refinery Output,Thousand Barrels per day (kb/d),2004,Mar,1305,,,,,,,,,,,,,,,,,,,,,,,,,,,,,,,,
Saudi Arabia,Total oil products,Refinery Output,Thousand Barrels per day (kb/d),2004,Apr,1438,,,,,,,,,,,,,,,,,,,,,,,,,,,,,,,,
Saudi Arabia,Total oil products,Refinery Output,Thousand Barrels per day (kb/d),2004,May,1353,,,,,,,,,,,,,,,,,,,,,,,,,,,,,,,,
Saudi Arabia,Total oil products,Refinery Output,Thousand Barrels per day (kb/d),2004,Jun,1648,,,,,,,,,,,,,,,,,,,,,,,,,,,,,,,,
Saudi Arabia,Total oil products,Refinery Output,Thousand Barrels per day (kb/d),2004,Jul,1688,,,,,,,,,,,,,,,,,,,,,,,,,,,,,,,,
Saudi Arabia,Total oil products,Refinery Output,Thousand Barrels per day (kb/d),2004,Aug,1673,,,,,,,,,,,,,,,,,,,,,,,,,,,,,,,,
Saudi Arabia,Total oil products,Refinery Output,Thousand Barrels per day (kb/d),2004,Sep,1722,,,,,,,,,,,,,,,,,,,,,,,,,,,,,,,,
Saudi Arabia,Total oil products,Refinery Output,Thousand Barrels per day (kb/d),2004,Oct,1640,,,,,,,,,,,,,,,,,,,,,,,,,,,,,,,,
Saudi Arabia,Total oil products,Refinery Output,Thousand Barrels per day (kb/d),2004,Nov,1708,,,,,,,,,,,,,,,,,,,,,,,,,,,,,,,,
Saudi Arabia,Total oil products,Refinery Output,Thousand Barrels per day (kb/d),2004,Dec,1654,,,,,,,,,,,,,,,,,,,,,,,,,,,,,,,,
Saudi Arabia,Total oil products,Refinery Output,Thousand Barrels per day (kb/d),2005,Jan,1696,,,,,,,,,,,,,,,,,,,,,,,,,,,,,,,,
Saudi Arabia,Total oil products,Refinery Output,Thousand Barrels per day (kb/d),2005,Feb,1612,,,,,,,,,,,,,,,,,,,,,,,,,,,,,,,,
Saudi Arabia,Total oil products,Refinery Output,Thousand Barrels per day (kb/d),2005,Mar,1689,,,,,,,,,,,,,,,,,,,,,,,,,,,,,,,,
Saudi Arabia,Total oil products,Refinery Output,Thousand Barrels per day (kb/d),2005,Apr,1613,,,,,,,,,,,,,,,,,,,,,,,,,,,,,,,,
Saudi Arabia,Total oil products,Refinery Output,Thousand Barrels per day (kb/d),2005,May,1631,,,,,,,,,,,,,,,,,,,,,,,,,,,,,,,,
Saudi Arabia,Total oil products,Refinery Output,Thousand Barrels per day (kb/d),2005,Jun,1633,,,,,,,,,,,,,,,,,,,,,,,,,,,,,,,,
Saudi Arabia,Total oil products,Refinery Output,Thousand Barrels per day (kb/d),2005,Jul,1664,,,,,,,,,,,,,,,,,,,,,,,,,,,,,,,,
Saudi Arabia,Total oil products,Refinery Output,Thousand Barrels per day (kb/d),2005,Aug,1713,,,,,,,,,,,,,,,,,,,,,,,,,,,,,,,,
Saudi Arabia,Total oil products,Refinery Output,Thousand Barrels per day (kb/d),2005,Sep,1657,,,,,,,,,,,,,,,,,,,,,,,,,,,,,,,,
Saudi Arabia,Total oil products,Refinery Output,Thousand Barrels per day (kb/d),2005,Oct,1730,,,,,,,,,,,,,,,,,,,,,,,,,,,,,,,,
Saudi Arabia,Total oil products,Refinery Output,Thousand Barrels per day (kb/d),2005,Nov,1559,,,,,,,,,,,,,,,,,,,,,,,,,,,,,,,,
Saudi Arabia,Total oil products,Refinery Output,Thousand Barrels per day (kb/d),2005,Dec,1607,,,,,,,,,,,,,,,,,,,,,,,,,,,,,,,,
Saudi Arabia,Total oil products,Refinery Output,Thousand Barrels per day (kb/d),2006,Jan,1719,,,,,,,,,,,,,,,,,,,,,,,,,,,,,,,,
Saudi Arabia,Total oil products,Refinery Output,Thousand Barrels per day (kb/d),2006,Feb,1523,,,,,,,,,,,,,,,,,,,,,,,,,,,,,,,,
Saudi Arabia,Total oil products,Refinery Output,Thousand Barrels per day (kb/d),2006,Mar,1554,,,,,,,,,,,,,,,,,,,,,,,,,,,,,,,,
Saudi Arabia,Total oil products,Refinery Output,Thousand Barrels per day (kb/d),2006,Apr,1689,,,,,,,,,,,,,,,,,,,,,,,,,,,,,,,,
Saudi Arabia,Total oil products,Refinery Output,Thousand Barrels per day (kb/d),2006,May,1651,,,,,,,,,,,,,,,,,,,,,,,,,,,,,,,,
Saudi Arabia,Total oil products,Refinery Output,Thousand Barrels per day (kb/d),2006,Jun,1652,,,,,,,,,,,,,,,,,,,,,,,,,,,,,,,,
Saudi Arabia,Total oil products,Refinery Output,Thousand Barrels per day (kb/d),2006,Jul,1660,,,,,,,,,,,,,,,,,,,,,,,,,,,,,,,,
Saudi Arabia,Total oil products,Refinery Output,Thousand Barrels per day (kb/d),2006,Aug,1660,,,,,,,,,,,,,,,,,,,,,,,,,,,,,,,,
Saudi Arabia,Total oil products,Refinery Output,Thousand Barrels per day (kb/d),2006,Sep,1686,,,,,,,,,,,,,,,,,,,,,,,,,,,,,,,,
Saudi Arabia,Total oil products,Refinery Output,Thousand Barrels per day (kb/d),2006,Oct,1632,,,,,,,,,,,,,,,,,,,,,,,,,,,,,,,,
Saudi Arabia,Total oil products,Refinery Output,Thousand Barrels per day (kb/d),2006,Nov,1702,,,,,,,,,,,,,,,,,,,,,,,,,,,,,,,,
Saudi Arabia,Total oil products,Refinery Output,Thousand Barrels per day (kb/d),2006,Dec,1646,,,,,,,,,,,,,,,,,,,,,,,,,,,,,,,,
Saudi Arabia,Total oil products,Refinery Output,Thousand Barrels per day (kb/d),2007,Jan,1608,,,,,,,,,,,,,,,,,,,,,,,,,,,,,,,,
Saudi Arabia,Total oil products,Refinery Output,Thousand Barrels per day (kb/d),2007,Feb,1560,,,,,,,,,,,,,,,,,,,,,,,,,,,,,,,,
Saudi Arabia,Total oil products,Refinery Output,Thousand Barrels per day (kb/d),2007,Mar,1562,,,,,,,,,,,,,,,,,,,,,,,,,,,,,,,,
Saudi Arabia,Total oil products,Refinery Output,Thousand Barrels per day (kb/d),2007,Apr,1577,,,,,,,,,,,,,,,,,,,,,,,,,,,,,,,,
Saudi Arabia,Total oil products,Refinery Output,Thousand Barrels per day (kb/d),2007,May,1420,,,,,,,,,,,,,,,,,,,,,,,,,,,,,,,,
Saudi Arabia,Total oil products,Refinery Output,Thousand Barrels per day (kb/d),2007,Jun,1587,,,,,,,,,,,,,,,,,,,,,,,,,,,,,,,,
Saudi Arabia,Total oil products,Refinery Output,Thousand Barrels per day (kb/d),2007,Jul,1693,,,,,,,,,,,,,,,,,,,,,,,,,,,,,,,,
Saudi Arabia,Total oil products,Refinery Output,Thousand Barrels per day (kb/d),2007,Aug,1681,,,,,,,,,,,,,,,,,,,,,,,,,,,,,,,,
Saudi Arabia,Total oil products,Refinery Output,Thousand Barrels per day (kb/d),2007,Sep,1686,,,,,,,,,,,,,,,,,,,,,,,,,,,,,,,,
Saudi Arabia,Total oil products,Refinery Output,Thousand Barrels per day (kb/d),2007,Oct,1590,,,,,,,,,,,,,,,,,,,,,,,,,,,,,,,,
Saudi Arabia,Total oil products,Refinery Output,Thousand Barrels per day (kb/d),2007,Nov,1436,,,,,,,,,,,,,,,,,,,,,,,,,,,,,,,,
Saudi Arabia,Total oil products,Refinery Output,Thousand Barrels per day (kb/d),2007,Dec,1633,,,,,,,,,,,,,,,,,,,,,,,,,,,,,,,,
Saudi Arabia,Total oil products,Refinery Output,Thousand Barrels per day (kb/d),2008,Jan,1672,,,,,,,,,,,,,,,,,,,,,,,,,,,,,,,,
Saudi Arabia,Total oil products,Refinery Output,Thousand Barrels per day (kb/d),2008,Feb,1668,,,,,,,,,,,,,,,,,,,,,,,,,,,,,,,,
Saudi Arabia,Total oil products,Refinery Output,Thousand Barrels per day (kb/d),2008,Mar,1681,,,,,,,,,,,,,,,,,,,,,,,,,,,,,,,,
Saudi Arabia,Total oil products,Refinery Output,Thousand Barrels per day (kb/d),2008,Apr,1607,,,,,,,,,,,,,,,,,,,,,,,,,,,,,,,,
Saudi Arabia,Total oil products,Refinery Output,Thousand Barrels per day (kb/d),2008,May,1556,,,,,,,,,,,,,,,,,,,,,,,,,,,,,,,,
Saudi Arabia,Total oil products,Refinery Output,Thousand Barrels per day (kb/d),2008,Jun,1665,,,,,,,,,,,,,,,,,,,,,,,,,,,,,,,,
Saudi Arabia,Total oil products,Refinery Output,Thousand Barrels per day (kb/d),2008,Jul,1535,,,,,,,,,,,,,,,,,,,,,,,,,,,,,,,,
Saudi Arabia,Total oil products,Refinery Output,Thousand Barrels per day (kb/d),2008,Aug,1710,,,,,,,,,,,,,,,,,,,,,,,,,,,,,,,,
Saudi Arabia,Total oil products,Refinery Output,Thousand Barrels per day (kb/d),2008,Sep,1709,,,,,,,,,,,,,,,,,,,,,,,,,,,,,,,,
Saudi Arabia,Total oil products,Refinery Output,Thousand Barrels per day (kb/d),2008,Oct,1310,,,,,,,,,,,,,,,,,,,,,,,,,,,,,,,,
Saudi Arabia,Total oil products,Refinery Output,Thousand Barrels per day (kb/d),2008,Nov,1459,,,,,,,,,,,,,,,,,,,,,,,,,,,,,,,,
Saudi Arabia,Total oil products,Refinery Output,Thousand Barrels per day (kb/d),2008,Dec,1449,,,,,,,,,,,,,,,,,,,,,,,,,,,,,,,,
Saudi Arabia,Total oil products,Refinery Output,Thousand Barrels per day (kb/d),2009,Jan,1359,,,,,,,,,,,,,,,,,,,,,,,,,,,,,,,,
Saudi Arabia,Total oil products,Refinery Output,Thousand Barrels per day (kb/d),2009,Feb,1395,,,,,,,,,,,,,,,,,,,,,,,,,,,,,,,,
Saudi Arabia,Total oil products,Refinery Output,Thousand Barrels per day (kb/d),2009,Mar,1250,,,,,,,,,,,,,,,,,,,,,,,,,,,,,,,,
Saudi Arabia,Total oil products,Refinery Output,Thousand Barrels per day (kb/d),2009,Apr,1448,,,,,,,,,,,,,,,,,,,,,,,,,,,,,,,,
Saudi Arabia,Total oil products,Refinery Output,Thousand Barrels per day (kb/d),2009,May,1537,,,,,,,,,,,,,,,,,,,,,,,,,,,,,,,,
Saudi Arabia,Total oil products,Refinery Output,Thousand Barrels per day (kb/d),2009,Jun,1360,,,,,,,,,,,,,,,,,,,,,,,,,,,,,,,,
Saudi Arabia,Total oil products,Refinery Output,Thousand Barrels per day (kb/d),2009,Jul,1438,,,,,,,,,,,,,,,,,,,,,,,,,,,,,,,,
Saudi Arabia,Total oil products,Refinery Output,Thousand Barrels per day (kb/d),2009,Aug,1436,,,,,,,,,,,,,,,,,,,,,,,,,,,,,,,,
Saudi Arabia,Total oil products,Refinery Output,Thousand Barrels per day (kb/d),2009,Sep,1462,,,,,,,,,,,,,,,,,,,,,,,,,,,,,,,,
Saudi Arabia,Total oil products,Refinery Output,Thousand Barrels per day (kb/d),2009,Oct,1460,,,,,,,,,,,,,,,,,,,,,,,,,,,,,,,,
Saudi Arabia,Total oil products,Refinery Output,Thousand Barrels per day (kb/d),2009,Nov,1471,,,,,,,,,,,,,,,,,,,,,,,,,,,,,,,,
Saudi Arabia,Total oil products,Refinery Output,Thousand Barrels per day (kb/d),2009,Dec,1227,,,,,,,,,,,,,,,,,,,,,,,,,,,,,,,,
Saudi Arabia,Total oil products,Refinery Output,Thousand Barrels per day (kb/d),2010,Jan,1154,,,,,,,,,,,,,,,,,,,,,,,,,,,,,,,,
Saudi Arabia,Total oil products,Refinery Output,Thousand Barrels per day (kb/d),2010,Feb,1396,,,,,,,,,,,,,,,,,,,,,,,,,,,,,,,,
Saudi Arabia,Total oil products,Refinery Output,Thousand Barrels per day (kb/d),2010,Mar,1332,,,,,,,,,,,,,,,,,,,,,,,,,,,,,,,,
Saudi Arabia,Total oil products,Refinery Output,Thousand Barrels per day (kb/d),2010,Apr,1285,,,,,,,,,,,,,,,,,,,,,,,,,,,,,,,,
Saudi Arabia,Total oil products,Refinery Output,Thousand Barrels per day (kb/d),2010,May,1387,,,,,,,,,,,,,,,,,,,,,,,,,,,,,,,,
Saudi Arabia,Total oil products,Refinery Output,Thousand Barrels per day (kb/d),2010,Jun,1434,,,,,,,,,,,,,,,,,,,,,,,,,,,,,,,,
Saudi Arabia,Total oil products,Refinery Output,Thousand Barrels per day (kb/d),2010,Jul,1455,,,,,,,,,,,,,,,,,,,,,,,,,,,,,,,,
Saudi Arabia,Total oil products,Refinery Output,Thousand Barrels per day (kb/d),2010,Aug,1442,,,,,,,,,,,,,,,,,,,,,,,,,,,,,,,,
Saudi Arabia,Total oil products,Refinery Output,Thousand Barrels per day (kb/d),2010,Sep,1429,,,,,,,,,,,,,,,,,,,,,,,,,,,,,,,,
Saudi Arabia,Total oil products,Refinery Output,Thousand Barrels per day (kb/d),2010,Oct,1421,,,,,,,,,,,,,,,,,,,,,,,,,,,,,,,,
Saudi Arabia,Total oil products,Refinery Output,Thousand Barrels per day (kb/d),2010,Nov,1418,,,,,,,,,,,,,,,,,,,,,,,,,,,,,,,,
Saudi Arabia,Total oil products,Refinery Output,Thousand Barrels per day (kb/d),2010,Dec,1386,,,,,,,,,,,,,,,,,,,,,,,,,,,,,,,,
Saudi Arabia,Total oil products,Refinery Output,Thousand Barrels per day (kb/d),2011,Jan,1950,,,,,,,,,,,,,,,,,,,,,,,,,,,,,,,,
Saudi Arabia,Total oil products,Refinery Output,Thousand Barrels per day (kb/d),2011,Feb,1740,,,,,,,,,,,,,,,,,,,,,,,,,,,,,,,,
Saudi Arabia,Total oil products,Refinery Output,Thousand Barrels per day (kb/d),2011,Mar,1607,,,,,,,,,,,,,,,,,,,,,,,,,,,,,,,,
Saudi Arabia,Total oil products,Refinery Output,Thousand Barrels per day (kb/d),2011,Apr,1816,,,,,,,,,,,,,,,,,,,,,,,,,,,,,,,,
Saudi Arabia,Total oil products,Refinery Output,Thousand Barrels per day (kb/d),2011,May,1579,,,,,,,,,,,,,,,,,,,,,,,,,,,,,,,,
Saudi Arabia,Total oil products,Refinery Output,Thousand Barrels per day (kb/d),2011,Jun,1849,,,,,,,,,,,,,,,,,,,,,,,,,,,,,,,,
Saudi Arabia,Total oil products,Refinery Output,Thousand Barrels per day (kb/d),2011,Jul,1934,,,,,,,,,,,,,,,,,,,,,,,,,,,,,,,,
Saudi Arabia,Total oil products,Refinery Output,Thousand Barrels per day (kb/d),2011,Aug,1911,,,,,,,,,,,,,,,,,,,,,,,,,,,,,,,,
Saudi Arabia,Total oil products,Refinery Output,Thousand Barrels per day (kb/d),2011,Sep,1990,,,,,,,,,,,,,,,,,,,,,,,,,,,,,,,,
Saudi Arabia,Total oil products,Refinery Output,Thousand Barrels per day (kb/d),2011,Oct,2019,,,,,,,,,,,,,,,,,,,,,,,,,,,,,,,,
Saudi Arabia,Total oil products,Refinery Output,Thousand Barrels per day (kb/d),2011,Nov,1963,,,,,,,,,,,,,,,,,,,,,,,,,,,,,,,,
Saudi Arabia,Total oil products,Refinery Output,Thousand Barrels per day (kb/d),2011,Dec,1908,,,,,,,,,,,,,,,,,,,,,,,,,,,,,,,,
Saudi Arabia,Total oil products,Refinery Output,Thousand Barrels per day (kb/d),2012,Jan,1862,,,,,,,,,,,,,,,,,,,,,,,,,,,,,,,,
Saudi Arabia,Total oil products,Refinery Output,Thousand Barrels per day (kb/d),2012,Feb,1981,,,,,,,,,,,,,,,,,,,,,,,,,,,,,,,,
Saudi Arabia,Total oil products,Refinery Output,Thousand Barrels per day (kb/d),2012,Mar,1826,,,,,,,,,,,,,,,,,,,,,,,,,,,,,,,,
Saudi Arabia,Total oil products,Refinery Output,Thousand Barrels per day (kb/d),2012,Apr,1744,,,,,,,,,,,,,,,,,,,,,,,,,,,,,,,,
Saudi Arabia,Total oil products,Refinery Output,Thousand Barrels per day (kb/d),2012,May,1960,,,,,,,,,,,,,,,,,,,,,,,,,,,,,,,,
Saudi Arabia,Total oil products,Refinery Output,Thousand Barrels per day (kb/d),2012,Jun,1949,,,,,,,,,,,,,,,,,,,,,,,,,,,,,,,,
Saudi Arabia,Total oil products,Refinery Output,Thousand Barrels per day (kb/d),2012,Jul,1944,,,,,,,,,,,,,,,,,,,,,,,,,,,,,,,,
Saudi Arabia,Total oil products,Refinery Output,Thousand Barrels per day (kb/d),2012,Aug,1987,,,,,,,,,,,,,,,,,,,,,,,,,,,,,,,,
Saudi Arabia,Total oil products,Refinery Output,Thousand Barrels per day (kb/d),2012,Sep,1976,,,,,,,,,,,,,,,,,,,,,,,,,,,,,,,,
Saudi Arabia,Total oil products,Refinery Output,Thousand Barrels per day (kb/d),2012,Oct,1958,,,,,,,,,,,,,,,,,,,,,,,,,,,,,,,,
Saudi Arabia,Total oil products,Refinery Output,Thousand Barrels per day (kb/d),2012,Nov,2003,,,,,,,,,,,,,,,,,,,,,,,,,,,,,,,,
Saudi Arabia,Total oil products,Refinery Output,Thousand Barrels per day (kb/d),2012,Dec,1944,,,,,,,,,,,,,,,,,,,,,,,,,,,,,,,,
Saudi Arabia,Total oil products,Refinery Output,Thousand Barrels per day (kb/d),2013,Jan,1947,,,,,,,,,,,,,,,,,,,,,,,,,,,,,,,,
Saudi Arabia,Total oil products,Refinery Output,Thousand Barrels per day (kb/d),2013,Feb,1648,,,,,,,,,,,,,,,,,,,,,,,,,,,,,,,,
Saudi Arabia,Total oil products,Refinery Output,Thousand Barrels per day (kb/d),2013,Mar,1755,,,,,,,,,,,,,,,,,,,,,,,,,,,,,,,,
Saudi Arabia,Total oil products,Refinery Output,Thousand Barrels per day (kb/d),2013,Apr,1532,,,,,,,,,,,,,,,,,,,,,,,,,,,,,,,,
Saudi Arabia,Total oil products,Refinery Output,Thousand Barrels per day (kb/d),2013,May,1748,,,,,,,,,,,,,,,,,,,,,,,,,,,,,,,,
Saudi Arabia,Total oil products,Refinery Output,Thousand Barrels per day (kb/d),2013,Jun,1901,,,,,,,,,,,,,,,,,,,,,,,,,,,,,,,,
Saudi Arabia,Total oil products,Refinery Output,Thousand Barrels per day (kb/d),2013,Jul,1873,,,,,,,,,,,,,,,,,,,,,,,,,,,,,,,,
Saudi Arabia,Total oil products,Refinery Output,Thousand Barrels per day (kb/d),2013,Aug,1892,,,,,,,,,,,,,,,,,,,,,,,,,,,,,,,,
Saudi Arabia,Total oil products,Refinery Output,Thousand Barrels per day (kb/d),2013,Sep,1827,,,,,,,,,,,,,,,,,,,,,,,,,,,,,,,,
Saudi Arabia,Total oil products,Refinery Output,Thousand Barrels per day (kb/d),2013,Oct,1853,,,,,,,,,,,,,,,,,,,,,,,,,,,,,,,,
Saudi Arabia,Total oil products,Refinery Output,Thousand Barrels per day (kb/d),2013,Nov,1654,,,,,,,,,,,,,,,,,,,,,,,,,,,,,,,,
Saudi Arabia,Total oil products,Refinery Output,Thousand Barrels per day (kb/d),2013,Dec,2435,,,,,,,,,,,,,,,,,,,,,,,,,,,,,,,,
Saudi Arabia,Total oil products,Refinery Output,Thousand Barrels per day (kb/d),2014,Jan,2172,,,,,,,,,,,,,,,,,,,,,,,,,,,,,,,,
Saudi Arabia,Total oil products,Refinery Output,Thousand Barrels per day (kb/d),2014,Feb,1759,,,,,,,,,,,,,,,,,,,,,,,,,,,,,,,,
Saudi Arabia,Total oil products,Refinery Output,Thousand Barrels per day (kb/d),2014,Mar,2074,,,,,,,,,,,,,,,,,,,,,,,,,,,,,,,,
Saudi Arabia,Total oil products,Refinery Output,Thousand Barrels per day (kb/d),2014,Apr,2035,,,,,,,,,,,,,,,,,,,,,,,,,,,,,,,,
Saudi Arabia,Total oil products,Refinery Output,Thousand Barrels per day (kb/d),2014,May,1947,,,,,,,,,,,,,,,,,,,,,,,,,,,,,,,,
Saudi Arabia,Total oil products,Refinery Output,Thousand Barrels per day (kb/d),2014,Jun,2108,,,,,,,,,,,,,,,,,,,,,,,,,,,,,,,,
Saudi Arabia,Total oil products,Refinery Output,Thousand Barrels per day (kb/d),2014,Jul,2198,,,,,,,,,,,,,,,,,,,,,,,,,,,,,,,,
Saudi Arabia,Total oil products,Refinery Output,Thousand Barrels per day (kb/d),2014,Aug,2133,,,,,,,,,,,,,,,,,,,,,,,,,,,,,,,,
Saudi Arabia,Total oil products,Refinery Output,Thousand Barrels per day (kb/d),2014,Sep,2216,,,,,,,,,,,,,,,,,,,,,,,,,,,,,,,,
Saudi Arabia,Total oil products,Refinery Output,Thousand Barrels per day (kb/d),2014,Oct,2259,,,,,,,,,,,,,,,,,,,,,,,,,,,,,,,,
Saudi Arabia,Total oil products,Refinery Output,Thousand Barrels per day (kb/d),2014,Nov,2136,,,,,,,,,,,,,,,,,,,,,,,,,,,,,,,,
Saudi Arabia,Total oil products,Refinery Output,Thousand Barrels per day (kb/d),2014,Dec,2205,,,,,,,,,,,,,,,,,,,,,,,,,,,,,,,,
Saudi Arabia,Total oil products,Refinery Output,Thousand Barrels per day (kb/d),2015,Jan,2200,,,,,,,,,,,,,,,,,,,,,,,,,,,,,,,,
Saudi Arabia,Total oil products,Refinery Output,Thousand Barrels per day (kb/d),2015,Feb,2250,,,,,,,,,,,,,,,,,,,,,,,,,,,,,,,,
Saudi Arabia,Total oil products,Refinery Output,Thousand Barrels per day (kb/d),2015,Mar,2338,,,,,,,,,,,,,,,,,,,,,,,,,,,,,,,,
Saudi Arabia,Total oil products,Refinery Output,Thousand Barrels per day (kb/d),2015,Apr,2353,,,,,,,,,,,,,,,,,,,,,,,,,,,,,,,,
Saudi Arabia,Total oil products,Refinery Output,Thousand Barrels per day (kb/d),2015,May,2402,,,,,,,,,,,,,,,,,,,,,,,,,,,,,,,,
Saudi Arabia,Total oil products,Refinery Output,Thousand Barrels per day (kb/d),2015,Jun,2565,,,,,,,,,,,,,,,,,,,,,,,,,,,,,,,,
Saudi Arabia,Total oil products,Refinery Output,Thousand Barrels per day (kb/d),2015,Jul,2464,,,,,,,,,,,,,,,,,,,,,,,,,,,,,,,,
Saudi Arabia,Total oil products,Refinery Output,Thousand Barrels per day (kb/d),2015,Aug,2580,,,,,,,,,,,,,,,,,,,,,,,,,,,,,,,,
Saudi Arabia,Total oil products,Refinery Output,Thousand Barrels per day (kb/d),2015,Sep,2480,,,,,,,,,,,,,,,,,,,,,,,,,,,,,,,,
Saudi Arabia,Total oil products,Refinery Output,Thousand Barrels per day (kb/d),2015,Oct,2409,,,,,,,,,,,,,,,,,,,,,,,,,,,,,,,,
Saudi Arabia,Total oil products,Refinery Output,Thousand Barrels per day (kb/d),2015,Nov,2452,,,,,,,,,,,,,,,,,,,,,,,,,,,,,,,,
Saudi Arabia,Total oil products,Refinery Output,Thousand Barrels per day (kb/d),2015,Dec,2772,,,,,,,,,,,,,,,,,,,,,,,,,,,,,,,,
Saudi Arabia,Total oil products,Refinery Output,Thousand Barrels per day (kb/d),2016,Jan,2761,,,,,,,,,,,,,,,,,,,,,,,,,,,,,,,,
Saudi Arabia,Total oil products,Refinery Output,Thousand Barrels per day (kb/d),2016,Feb,2838,,,,,,,,,,,,,,,,,,,,,,,,,,,,,,,,
Saudi Arabia,Total oil products,Refinery Output,Thousand Barrels per day (kb/d),2016,Mar,2851,,,,,,,,,,,,,,,,,,,,,,,,,,,,,,,,
Saudi Arabia,Total oil products,Refinery Output,Thousand Barrels per day (kb/d),2016,Apr,2706,,,,,,,,,,,,,,,,,,,,,,,,,,,,,,,,
Saudi Arabia,Total oil products,Refinery Output,Thousand Barrels per day (kb/d),2016,May,2730,,,,,,,,,,,,,,,,,,,,,,,,,,,,,,,,
Saudi Arabia,Total oil products,Refinery Output,Thousand Barrels per day (kb/d),2016,Jun,2699,,,,,,,,,,,,,,,,,,,,,,,,,,,,,,,,
Saudi Arabia,Total oil products,Refinery Output,Thousand Barrels per day (kb/d),2016,Jul,2910,,,,,,,,,,,,,,,,,,,,,,,,,,,,,,,,
Saudi Arabia,Total oil products,Refinery Output,Thousand Barrels per day (kb/d),2016,Aug,2790,,,,,,,,,,,,,,,,,,,,,,,,,,,,,,,,
Saudi Arabia,Total oil products,Refinery Output,Thousand Barrels per day (kb/d),2016,Sep,2880,,,,,,,,,,,,,,,,,,,,,,,,,,,,,,,,
Saudi Arabia,Total oil products,Refinery Output,Thousand Barrels per day (kb/d),2016,Oct,2835,,,,,,,,,,,,,,,,,,,,,,,,,,,,,,,,
Saudi Arabia,Total oil products,Refinery Output,Thousand Barrels per day (kb/d),2016,Nov,2951,,,,,,,,,,,,,,,,,,,,,,,,,,,,,,,,
Saudi Arabia,Total oil products,Refinery Output,Thousand Barrels per day (kb/d),2016,Dec,2957,,,,,,,,,,,,,,,,,,,,,,,,,,,,,,,,
Saudi Arabia,Total oil products,Refinery Output,Thousand Barrels per day (kb/d),2017,Jan,2507,,,,,,,,,,,,,,,,,,,,,,,,,,,,,,,,
Saudi Arabia,Total oil products,Refinery Output,Thousand Barrels per day (kb/d),2017,Feb,2894,,,,,,,,,,,,,,,,,,,,,,,,,,,,,,,,
Saudi Arabia,Total oil products,Refinery Output,Thousand Barrels per day (kb/d),2017,Mar,2816,,,,,,,,,,,,,,,,,,,,,,,,,,,,,,,,
Saudi Arabia,Total oil products,Refinery Output,Thousand Barrels per day (kb/d),2017,Apr,2845,,,,,,,,,,,,,,,,,,,,,,,,,,,,,,,,
Saudi Arabia,Total oil products,Refinery Output,Thousand Barrels per day (kb/d),2017,May,2855,,,,,,,,,,,,,,,,,,,,,,,,,,,,,,,,
Saudi Arabia,Total oil products,Refinery Output,Thousand Barrels per day (kb/d),2017,Jun,3007,,,,,,,,,,,,,,,,,,,,,,,,,,,,,,,,
Saudi Arabia,Total oil products,Refinery Output,Thousand Barrels per day (kb/d),2017,Jul,2910,,,,,,,,,,,,,,,,,,,,,,,,,,,,,,,,
Saudi Arabia,Total oil products,Refinery Output,Thousand Barrels per day (kb/d),2017,Aug,3043,,,,,,,,,,,,,,,,,,,,,,,,,,,,,,,,
Saudi Arabia,Total oil products,Refinery Output,Thousand Barrels per day (kb/d),2017,Sep,2969,,,,,,,,,,,,,,,,,,,,,,,,,,,,,,,,
Saudi Arabia,Total oil products,Refinery Output,Thousand Barrels per day (kb/d),2017,Oct,3001,,,,,,,,,,,,,,,,,,,,,,,,,,,,,,,,
Saudi Arabia,Total oil products,Refinery Output,Thousand Barrels per day (kb/d),2017,Nov,2837,,,,,,,,,,,,,,,,,,,,,,,,,,,,,,,,
Saudi Arabia,Total oil products,Refinery Output,Thousand Barrels per day (kb/d),2017,Dec,2706,,,,,,,,,,,,,,,,,,,,,,,,,,,,,,,,
Saudi Arabia,Total oil products,Refinery Output,Thousand Barrels per day (kb/d),2018,Jan,2677,,,,,,,,,,,,,,,,,,,,,,,,,,,,,,,,
Saudi Arabia,Total oil products,Refinery Output,Thousand Barrels per day (kb/d),2018,Feb,2874,,,,,,,,,,,,,,,,,,,,,,,,,,,,,,,,
Saudi Arabia,Total oil products,Refinery Output,Thousand Barrels per day (kb/d),2018,Mar,2655,,,,,,,,,,,,,,,,,,,,,,,,,,,,,,,,
Saudi Arabia,Total oil products,Refinery Output,Thousand Barrels per day (kb/d),2018,Apr,2923,,,,,,,,,,,,,,,,,,,,,,,,,,,,,,,,
Saudi Arabia,Total oil products,Refinery Output,Thousand Barrels per day (kb/d),2018,May,2646,,,,,,,,,,,,,,,,,,,,,,,,,,,,,,,,
Saudi Arabia,Total oil products,Refinery Output,Thousand Barrels per day (kb/d),2018,Jun,2869,,,,,,,,,,,,,,,,,,,,,,,,,,,,,,,,
Saudi Arabia,Total oil products,Refinery Output,Thousand Barrels per day (kb/d),2018,Jul,3062,,,,,,,,,,,,,,,,,,,,,,,,,,,,,,,,
Saudi Arabia,Total oil products,Refinery Output,Thousand Barrels per day (kb/d),2018,Aug,2819,,,,,,,,,,,,,,,,,,,,,,,,,,,,,,,,
Saudi Arabia,Total oil products,Refinery Output,Thousand Barrels per day (kb/d),2018,Sep,2848,,,,,,,,,,,,,,,,,,,,,,,,,,,,,,,,
Saudi Arabia,Total oil products,Refinery Output,Thousand Barrels per day (kb/d),2018,Oct,2631,,,,,,,,,,,,,,,,,,,,,,,,,,,,,,,,
Saudi Arabia,Total oil products,Refinery Output,Thousand Barrels per day (kb/d),2018,Nov,2867,,,,,,,,,,,,,,,,,,,,,,,,,,,,,,,,
Saudi Arabia,Total oil products,Refinery Output,Thousand Barrels per day (kb/d),2018,Dec,2758,,,,,,,,,,,,,,,,,,,,,,,,,,,,,,,,
Saudi Arabia,Total oil products,Refinery Output,Thousand Barrels per day (kb/d),2019,Jan,2970,,,,,,,,,,,,,,,,,,,,,,,,,,,,,,,,
Saudi Arabia,Total oil products,Refinery Output,Thousand Barrels per day (kb/d),2019,Feb,2888,,,,,,,,,,,,,,,,,,,,,,,,,,,,,,,,
Saudi Arabia,Total oil products,Refinery Output,Thousand Barrels per day (kb/d),2019,Mar,2489,,,,,,,,,,,,,,,,,,,,,,,,,,,,,,,,
Saudi Arabia,Total oil products,Refinery Output,Thousand Barrels per day (kb/d),2019,Apr,2563,,,,,,,,,,,,,,,,,,,,,,,,,,,,,,,,
Saudi Arabia,Total oil products,Refinery Output,Thousand Barrels per day (kb/d),2019,May,2615,,,,,,,,,,,,,,,,,,,,,,,,,,,,,,,,
Saudi Arabia,Total oil products,Refinery Output,Thousand Barrels per day (kb/d),2019,Jun,2623,,,,,,,,,,,,,,,,,,,,,,,,,,,,,,,,
Saudi Arabia,Total oil products,Refinery Output,Thousand Barrels per day (kb/d),2019,Jul,2540,,,,,,,,,,,,,,,,,,,,,,,,,,,,,,,,
Saudi Arabia,Total oil products,Refinery Output,Thousand Barrels per day (kb/d),2019,Aug,2710,,,,,,,,,,,,,,,,,,,,,,,,,,,,,,,,
Saudi Arabia,Total oil products,Refinery Output,Thousand Barrels per day (kb/d),2019,Sep,2637,,,,,,,,,,,,,,,,,,,,,,,,,,,,,,,,
Saudi Arabia,Total oil products,Refinery Output,Thousand Barrels per day (kb/d),2019,Oct,2379,,,,,,,,,,,,,,,,,,,,,,,,,,,,,,,,
Saudi Arabia,Total oil products,Refinery Output,Thousand Barrels per day (kb/d),2019,Nov,2311,,,,,,,,,,,,,,,,,,,,,,,,,,,,,,,,
Saudi Arabia,Total oil products,Refinery Output,Thousand Barrels per day (kb/d),2019,Dec,2321,,,,,,,,,,,,,,,,,,,,,,,,,,,,,,,,
Saudi Arabia,Total oil products,Refinery Output,Thousand Barrels per day (kb/d),2020,Jan,2046,,,,,,,,,,,,,,,,,,,,,,,,,,,,,,,,
Saudi Arabia,Total oil products,Refinery Output,Thousand Barrels per day (kb/d),2020,Feb,1853,,,,,,,,,,,,,,,,,,,,,,,,,,,,,,,,
Saudi Arabia,Total oil products,Refinery Output,Thousand Barrels per day (kb/d),2020,Mar,2002,,,,,,,,,,,,,,,,,,,,,,,,,,,,,,,,
Saudi Arabia,Total oil products,Refinery Output,Thousand Barrels per day (kb/d),2020,Apr,2229,,,,,,,,,,,,,,,,,,,,,,,,,,,,,,,,
Saudi Arabia,Total oil products,Refinery Output,Thousand Barrels per day (kb/d),2020,May,2340,,,,,,,,,,,,,,,,,,,,,,,,,,,,,,,,
Saudi Arabia,Total oil products,Refinery Output,Thousand Barrels per day (kb/d),2020,Jun,2144,,,,,,,,,,,,,,,,,,,,,,,,,,,,,,,,
Saudi Arabia,Total oil products,Refinery Output,Thousand Barrels per day (kb/d),2020,Jul,2172,,,,,,,,,,,,,,,,,,,,,,,,,,,,,,,,
Saudi Arabia,Total oil products,Refinery Output,Thousand Barrels per day (kb/d),2020,Aug,2308,,,,,,,,,,,,,,,,,,,,,,,,,,,,,,,,
Saudi Arabia,Total oil products,Refinery Output,Thousand Barrels per day (kb/d),2020,Sep,1955,,,,,,,,,,,,,,,,,,,,,,,,,,,,,,,,
Saudi Arabia,Total oil products,Refinery Output,Thousand Barrels per day (kb/d),2020,Oct,2444,,,,,,,,,,,,,,,,,,,,,,,,,,,,,,,,
Saudi Arabia,Total oil products,Refinery Output,Thousand Barrels per day (kb/d),2020,Nov,2371,,,,,,,,,,,,,,,,,,,,,,,,,,,,,,,,
Saudi Arabia,Total oil products,Refinery Output,Thousand Barrels per day (kb/d),2020,Dec,2399,,,,,,,,,,,,,,,,,,,,,,,,,,,,,,,,
Saudi Arabia,Total oil products,Refinery Output,Thousand Barrels per day (kb/d),2021,Jan,2385,,,,,,,,,,,,,,,,,,,,,,,,,,,,,,,,
Saudi Arabia,Total oil products,Refinery Output,Thousand Barrels per day (kb/d),2021,Feb,2336,,,,,,,,,,,,,,,,,,,,,,,,,,,,,,,,
Saudi Arabia,Total oil products,Refinery Output,Thousand Barrels per day (kb/d),2021,Mar,2430,,,,,,,,,,,,,,,,,,,,,,,,,,,,,,,,
Saudi Arabia,Total oil products,Refinery Output,Thousand Barrels per day (kb/d),2021,Apr,2431,,,,,,,,,,,,,,,,,,,,,,,,,,,,,,,,
Saudi Arabia,Total oil products,Refinery Output,Thousand Barrels per day (kb/d),2021,May,2423,,,,,,,,,,,,,,,,,,,,,,,,,,,,,,,,
Saudi Arabia,Total oil products,Refinery Output,Thousand Barrels per day (kb/d),2021,Jun,2532,,,,,,,,,,,,,,,,,,,,,,,,,,,,,,,,
Saudi Arabia,Total oil products,Refinery Output,Thousand Barrels per day (kb/d),2021,Jul,2552,,,,,,,,,,,,,,,,,,,,,,,,,,,,,,,,
Saudi Arabia,Total oil products,Refinery Output,Thousand Barrels per day (kb/d),2021,Aug,2562,,,,,,,,,,,,,,,,,,,,,,,,,,,,,,,,
Saudi Arabia,Total oil products,Refinery Output,Thousand Barrels per day (kb/d),2021,Sep,2555,,,,,,,,,,,,,,,,,,,,,,,,,,,,,,,,
Saudi Arabia,Total oil products,Refinery Output,Thousand Barrels per day (kb/d),2021,Oct,2731,,,,,,,,,,,,,,,,,,,,,,,,,,,,,,,,
Saudi Arabia,Total oil products,Refinery Output,Thousand Barrels per day (kb/d),2021,Nov,2836,,,,,,,,,,,,,,,,,,,,,,,,,,,,,,,,
Saudi Arabia,Total oil products,Refinery Output,Thousand Barrels per day (kb/d),2021,Dec,2786,,,,,,,,,,,,,,,,,,,,,,,,,,,,,,,,
Saudi Arabia,Total oil products,Refinery Output,Thousand Barrels per day (kb/d),2022,Jan,2802,,,,,,,,,,,,,,,,,,,,,,,,,,,,,,,,
Saudi Arabia,Total oil products,Refinery Output,Thousand Barrels per day (kb/d),2022,Feb,2756,,,,,,,,,,,,,,,,,,,,,,,,,,,,,,,,
Saudi Arabia,Total oil products,Refinery Output,Thousand Barrels per day (kb/d),2022,Mar,2833,,,,,,,,,,,,,,,,,,,,,,,,,,,,,,,,
Saudi Arabia,Total oil products,Refinery Output,Thousand Barrels per day (kb/d),2022,Apr,2885,,,,,,,,,,,,,,,,,,,,,,,,,,,,,,,,
Saudi Arabia,Total oil products,Refinery Output,Thousand Barrels per day (kb/d),2022,May,2875,,,,,,,,,,,,,,,,,,,,,,,,,,,,,,,,
Saudi Arabia,Total oil products,Refinery Output,Thousand Barrels per day (kb/d),2022,Jun,2850,,,,,,,,,,,,,,,,,,,,,,,,,,,,,,,,
Saudi Arabia,Total oil products,Refinery Output,Thousand Barrels per day (kb/d),2022,Jul,2763,,,,,,,,,,,,,,,,,,,,,,,,,,,,,,,,
Saudi Arabia,Total oil products,Refinery Output,Thousand Barrels per day (kb/d),2022,Aug,2802,,,,,,,,,,,,,,,,,,,,,,,,,,,,,,,,
Saudi Arabia,Total oil products,Refinery Output,Thousand Barrels per day (kb/d),2022,Sep,2697,,,,,,,,,,,,,,,,,,,,,,,,,,,,,,,,
Saudi Arabia,Total oil products,Refinery Output,Thousand Barrels per day (kb/d),2022,Oct,2680,,,,,,,,,,,,,,,,,,,,,,,,,,,,,,,,
Saudi Arabia,Total oil products,Refinery Output,Thousand Barrels per day (kb/d),2022,Nov,2661,,,,,,,,,,,,,,,,,,,,,,,,,,,,,,,,
Saudi Arabia,Total oil products,Refinery Output,Thousand Barrels per day (kb/d),2022,Dec,2621,,,,,,,,,,,,,,,,,,,,,,,,,,,,,,,,
Saudi Arabia,Total oil products,Refinery Output,Thousand Barrels per day (kb/d),2023,Jan,2577,,,,,,,,,,,,,,,,,,,,,,,,,,,,,,,,
Saudi Arabia,Total oil products,Refinery Output,Thousand Barrels per day (kb/d),2023,Feb,2444,,,,,,,,,,,,,,,,,,,,,,,,,,,,,,,,
Saudi Arabia,Total oil products,Refinery Output,Thousand Barrels per day (kb/d),2023,Mar,2734,,,,,,,,,,,,,,,,,,,,,,,,,,,,,,,,
Saudi Arabia,Total oil products,Refinery Output,Thousand Barrels per day (kb/d),2023,Apr,2690,,,,,,,,,,,,,,,,,,,,,,,,,,,,,,,,
Saudi Arabia,Total oil products,Refinery Output,Thousand Barrels per day (kb/d),2023,May,2590,,,,,,,,,,,,,,,,,,,,,,,,,,,,,,,,
Saudi Arabia,Total oil products,Refinery Output,Thousand Barrels per day (kb/d),2023,Jun,2562,,,,,,,,,,,,,,,,,,,,,,,,,,,,,,,,
Saudi Arabia,Total oil products,Refinery Output,Thousand Barrels per day (kb/d),2023,Jul,2560,,,,,,,,,,,,,,,,,,,,,,,,,,,,,,,,
Saudi Arabia,Total oil products,Refinery Output,Thousand Barrels per day (kb/d),2023,Aug,2530,,,,,,,,,,,,,,,,,,,,,,,,,,,,,,,,
Saudi Arabia,Total oil products,Refinery Output,Thousand Barrels per day (kb/d),2023,Sep,2865,,,,,,,,,,,,,,,,,,,,,,,,,,,,,,,,
Saudi Arabia,Total oil products,Refinery Output,Thousand Barrels per day (kb/d),2023,Oct,2116,,,,,,,,,,,,,,,,,,,,,,,,,,,,,,,,
Saudi Arabia,Total oil products,Refinery Output,Thousand Barrels per day (kb/d),2023,Nov,2088,,,,,,,,,,,,,,,,,,,,,,,,,,,,,,,,
Saudi Arabia,Total oil products,Refinery Output,Thousand Barrels per day (kb/d),2023,Dec,2416,,,,,,,,,,,,,,,,,,,,,,,,,,,,,,,,
Saudi Arabia,Total oil products,Refinery Output,Thousand Barrels per day (kb/d),2024,Jan,2425,,,,,,,,,,,,,,,,,,,,,,,,,,,,,,,,
Saudi Arabia,Total oil products,Refinery Output,Thousand Barrels per day (kb/d),2024,Feb,2677,,,,,,,,,,,,,,,,,,,,,,,,,,,,,,,,
Saudi Arabia,Total oil products,Refinery Output,Thousand Barrels per day (kb/d),2024,Mar,2560,,,,,,,,,,,,,,,,,,,,,,,,,,,,,,,,
Saudi Arabia,Total oil products,Refinery Output,Thousand Barrels per day (kb/d),2024,Apr,2545,,,,,,,,,,,,,,,,,,,,,,,,,,,,,,,,
Saudi Arabia,Total oil products,Refinery Output,Thousand Barrels per day (kb/d),2024,May,2946,,,,,,,,,,,,,,,,,,,,,,,,,,,,,,,,
Saudi Arabia,Total oil products,Refinery Output,Thousand Barrels per day (kb/d),2024,Jun,2422,,,,,,,,,,,,,,,,,,,,,,,,,,,,,,,,
Saudi Arabia,Total oil products,Refinery Output,Thousand Barrels per day (kb/d),2024,Jul,2398,,,,,,,,,,,,,,,,,,,,,,,,,,,,,,,,
Saudi Arabia,Total oil products,Refinery Output,Thousand Barrels per day (kb/d),2024,Aug,2721,,,,,,,,,,,,,,,,,,,,,,,,,,,,,,,,
Saudi Arabia,Total oil products,Refinery Output,Thousand Barrels per day (kb/d),2024,Sep,2756,,,,,,,,,,,,,,,,,,,,,,,,,,,,,,,,
Saudi Arabia,Total oil products,Refinery Output,Thousand Barrels per day (kb/d),2024,Oct,2737,,,,,,,,,,,,,,,,,,,,,,,,,,,,,,,,
Saudi Arabia,Total oil products,Refinery Output,Thousand Barrels per day (kb/d),2024,Nov,2354,,,,,,,,,,,,,,,,,,,,,,,,,,,,,,,,
Saudi Arabia,Total oil products,Refinery Output,Thousand Barrels per day (kb/d),2024,Dec,2543,,,,,,,,,,,,,,,,,,,,,,,,,,,,,,,,
