Country,Company,Name of The Refinery,Year,"Capacity  (1,000 b/cd)"
Saudi Arabia,Saudi Aramco,Ras Tanura Refinery,2002,325
Saudi Arabia,Saudi Aramco,Ras Tanura Refinery,2003,525
Saudi Arabia,Saudi Aramco,Ras Tanura Refinery,2004,525
Saudi Arabia,Saudi Aramco,Ras Tanura Refinery,2005,535
Saudi Arabia,Saudi Aramco,Ras Tanura Refinery,2006,550
Saudi Arabia,Saudi Aramco,Ras Tanura Refinery,2007,550
Saudi Arabia,Saudi Aramco,Ras Tanura Refinery,2008,550
Saudi Arabia,Saudi Aramco,Ras Tanura Refinery,2009,550
Saudi Arabia,Saudi Aramco,Ras Tanura Refinery,2010,550
Saudi Arabia,Saudi Aramco,Ras Tanura Refinery,2011,550
Saudi Arabia,Saudi Aramco,Ras Tanura Refinery,2012,550
Saudi Arabia,Saudi Aramco,Ras Tanura Refinery,2013,550
Saudi Arabia,Saudi Aramco,Ras Tanura Refinery,2014,550
Saudi Arabia,Saudi Aramco,Ras Tanura Refinery,2015,550
Saudi Arabia,Saudi Aramco,Ras Tanura Refinery,2016,550
Saudi Arabia,Saudi Aramco,Ras Tanura Refinery,2017,550
Saudi Arabia,Saudi Aramco,Ras Tanura Refinery,2018,550
Saudi Arabia,Saudi Aramco,Ras Tanura Refinery,2019,550
Saudi Arabia,Saudi Aramco,Ras Tanura Refinery,2020,550
Saudi Arabia,Saudi Aramco,Ras Tanura Refinery,2021,550
Saudi Arabia,Saudi Aramco,Ras Tanura Refinery,2022,550
Saudi Arabia,Saudi Aramco,Yanbu Refinery,2002,225
Saudi Arabia,Saudi Aramco,Yanbu Refinery,2003,235
Saudi Arabia,Saudi Aramco,Yanbu Refinery,2004,235
Saudi Arabia,Saudi Aramco,Yanbu Refinery,2005,235
Saudi Arabia,Saudi Aramco,Yanbu Refinery,2006,235
Saudi Arabia,Saudi Aramco,Yanbu Refinery,2007,235
Saudi Arabia,Saudi Aramco,Yanbu Refinery,2008,235
Saudi Arabia,Saudi Aramco,Yanbu Refinery,2009,235
Saudi Arabia,Saudi Aramco,Yanbu Refinery,2010,235
Saudi Arabia,Saudi Aramco,Yanbu Refinery,2011,235
Saudi Arabia,Saudi Aramco,Yanbu Refinery,2012,235
Saudi Arabia,Saudi Aramco,Yanbu Refinery,2013,235
Saudi Arabia,Saudi Aramco,Yanbu Refinery,2014,245
Saudi Arabia,Saudi Aramco,Yanbu Refinery,2015,245
Saudi Arabia,Saudi Aramco,Yanbu Refinery,2016,245
Saudi Arabia,Saudi Aramco,Yanbu Refinery,2017,245
Saudi Arabia,Saudi Aramco,Yanbu Refinery,2018,245
Saudi Arabia,Saudi Aramco,Yanbu Refinery,2019,245
Saudi Arabia,Saudi Aramco,Yanbu Refinery,2020,252
Saudi Arabia,Saudi Aramco,Yanbu Refinery,2021,252
Saudi Arabia,Saudi Aramco,Yanbu Refinery,2022,220
Saudi Arabia,Saudi Aramco,Riyadh Refinery         ,2002,115
Saudi Arabia,Saudi Aramco,Riyadh Refinery         ,2003,122
Saudi Arabia,Saudi Aramco,Riyadh Refinery         ,2004,120
Saudi Arabia,Saudi Aramco,Riyadh Refinery         ,2005,121
Saudi Arabia,Saudi Aramco,Riyadh Refinery         ,2006,128
Saudi Arabia,Saudi Aramco,Riyadh Refinery         ,2007,120
Saudi Arabia,Saudi Aramco,Riyadh Refinery         ,2008,122
Saudi Arabia,Saudi Aramco,Riyadh Refinery         ,2009,124
Saudi Arabia,Saudi Aramco,Riyadh Refinery         ,2010,124
Saudi Arabia,Saudi Aramco,Riyadh Refinery         ,2011,124
Saudi Arabia,Saudi Aramco,Riyadh Refinery         ,2012,124
Saudi Arabia,Saudi Aramco,Riyadh Refinery         ,2013,124
Saudi Arabia,Saudi Aramco,Riyadh Refinery         ,2014,126
Saudi Arabia,Saudi Aramco,Riyadh Refinery         ,2015,126
Saudi Arabia,Saudi Aramco,Riyadh Refinery         ,2016,126
Saudi Arabia,Saudi Aramco,Riyadh Refinery         ,2017,126
Saudi Arabia,Saudi Aramco,Riyadh Refinery         ,2018,126
Saudi Arabia,Saudi Aramco,Riyadh Refinery         ,2019,126
Saudi Arabia,Saudi Aramco,Riyadh Refinery         ,2020,130
Saudi Arabia,Saudi Aramco,Riyadh Refinery         ,2021,130
Saudi Arabia,Saudi Aramco,Riyadh Refinery         ,2022,126
Saudi Arabia,Saudi Aramco & Mobil,SAMREF Refinery,2002,365
Saudi Arabia,Saudi Aramco & Mobil,SAMREF Refinery,2003,400
Saudi Arabia,Saudi Aramco & Mobil,SAMREF Refinery,2004,400
Saudi Arabia,Saudi Aramco & Mobil,SAMREF Refinery,2005,403
Saudi Arabia,Saudi Aramco & Mobil,SAMREF Refinery,2006,400
Saudi Arabia,Saudi Aramco & Mobil,SAMREF Refinery,2007,400
Saudi Arabia,Saudi Aramco & Mobil,SAMREF Refinery,2008,400
Saudi Arabia,Saudi Aramco & Mobil,SAMREF Refinery,2009,400
Saudi Arabia,Saudi Aramco & Mobil,SAMREF Refinery,2010,400
Saudi Arabia,Saudi Aramco & Mobil,SAMREF Refinery,2011,400
Saudi Arabia,Saudi Aramco & Mobil,SAMREF Refinery,2012,400
Saudi Arabia,Saudi Aramco & Mobil,SAMREF Refinery,2013,400
Saudi Arabia,Saudi Aramco & Mobil,SAMREF Refinery,2014,400
Saudi Arabia,Saudi Aramco & Mobil,SAMREF Refinery,2015,400
Saudi Arabia,Saudi Aramco & Mobil,SAMREF Refinery,2016,400
Saudi Arabia,Saudi Aramco & Mobil,SAMREF Refinery,2017,400
Saudi Arabia,Saudi Aramco & Mobil,SAMREF Refinery,2018,400
Saudi Arabia,Saudi Aramco & Mobil,SAMREF Refinery,2019,400
Saudi Arabia,Saudi Aramco & Mobil,SAMREF Refinery,2020,400
Saudi Arabia,Saudi Aramco & Mobil,SAMREF Refinery,2021,400
Saudi Arabia,Saudi Aramco & Mobil,SAMREF Refinery,2022,400
Saudi Arabia,Saudi Aramco & Petrola,Petro Rabigh Refinery,2002,400
Saudi Arabia,Saudi Aramco & Petrola,Petro Rabigh Refinery,2003,370
Saudi Arabia,Saudi Aramco & Petrola,Petro Rabigh Refinery,2004,370
Saudi Arabia,Saudi Aramco & Petrola,Petro Rabigh Refinery,2005,375
Saudi Arabia,Saudi Aramco & Petrola,Petro Rabigh Refinery,2006,400
Saudi Arabia,Saudi Aramco & Petrola,Petro Rabigh Refinery,2007,400
Saudi Arabia,Saudi Aramco & Petrola,Petro Rabigh Refinery,2008,400
Saudi Arabia,Saudi Aramco & Petrola,Petro Rabigh Refinery,2009,402
Saudi Arabia,Saudi Aramco & Petrola,Petro Rabigh Refinery,2010,402
Saudi Arabia,Saudi Aramco & Petrola,Petro Rabigh Refinery,2011,400
Saudi Arabia,Saudi Aramco & Petrola,Petro Rabigh Refinery,2012,400
Saudi Arabia,Saudi Aramco & Petrola,Petro Rabigh Refinery,2013,400
Saudi Arabia,Saudi Aramco & Petrola,Petro Rabigh Refinery,2014,400
Saudi Arabia,Saudi Aramco & Petrola,Petro Rabigh Refinery,2015,400
Saudi Arabia,Saudi Aramco & Petrola,Petro Rabigh Refinery,2016,400
Saudi Arabia,Saudi Aramco & Petrola,Petro Rabigh Refinery,2017,400
Saudi Arabia,Saudi Aramco & Petrola,Petro Rabigh Refinery,2018,400
Saudi Arabia,Saudi Aramco & Petrola,Petro Rabigh Refinery,2019,400
Saudi Arabia,Saudi Aramco & Petrola,Petro Rabigh Refinery,2020,400
Saudi Arabia,Saudi Aramco & Petrola,Petro Rabigh Refinery,2021,400
Saudi Arabia,Saudi Aramco & Petrola,Petro Rabigh Refinery,2022,400
Saudi Arabia,Saudi Aramco & Total,SATORP Refinery,2013,405
Saudi Arabia,Saudi Aramco & Total,SATORP Refinery,2014,405
Saudi Arabia,Saudi Aramco & Total,SATORP Refinery,2015,405
Saudi Arabia,Saudi Aramco & Total,SATORP Refinery,2016,405
Saudi Arabia,Saudi Aramco & Total,SATORP Refinery,2017,405
Saudi Arabia,Saudi Aramco & Total,SATORP Refinery,2018,405
Saudi Arabia,Saudi Aramco & Total,SATORP Refinery,2019,440
Saudi Arabia,Saudi Aramco & Total,SATORP Refinery,2020,460
Saudi Arabia,Saudi Aramco & Total,SATORP Refinery,2021,460
Saudi Arabia,Saudi Aramco & Total,SATORP Refinery,2022,460
Saudi Arabia,Saudi Aramco,YASREF Refinery,2014,430
Saudi Arabia,Saudi Aramco,YASREF Refinery,2015,430
Saudi Arabia,Saudi Aramco,YASREF Refinery,2016,430
Saudi Arabia,Saudi Aramco,YASREF Refinery,2017,430
Saudi Arabia,Saudi Aramco,YASREF Refinery,2018,430
Saudi Arabia,Saudi Aramco,YASREF Refinery,2019,430
Saudi Arabia,Saudi Aramco,YASREF Refinery,2020,430
Saudi Arabia,Saudi Aramco,YASREF Refinery,2021,430
Saudi Arabia,Saudi Aramco,YASREF Refinery,2022,430
Saudi Arabia,Saudi Aramco & Shell,SASREF Refinery,2002,305
Saudi Arabia,Saudi Aramco & Shell,SASREF Refinery,2003,305
Saudi Arabia,Saudi Aramco & Shell,SASREF Refinery,2004,313
Saudi Arabia,Saudi Aramco & Shell,SASREF Refinery,2005,308
Saudi Arabia,Saudi Aramco & Shell,SASREF Refinery,2006,305
Saudi Arabia,Saudi Aramco & Shell,SASREF Refinery,2007,310
Saudi Arabia,Saudi Aramco & Shell,SASREF Refinery,2008,310
Saudi Arabia,Saudi Aramco & Shell,SASREF Refinery,2009,310
Saudi Arabia,Saudi Aramco & Shell,SASREF Refinery,2010,310
Saudi Arabia,Saudi Aramco & Shell,SASREF Refinery,2011,310
Saudi Arabia,Saudi Aramco & Shell,SASREF Refinery,2012,310
Saudi Arabia,Saudi Aramco & Shell,SASREF Refinery,2013,310
Saudi Arabia,Saudi Aramco & Shell,SASREF Refinery,2014,300
Saudi Arabia,Saudi Aramco & Shell,SASREF Refinery,2015,300
Saudi Arabia,Saudi Aramco & Shell,SASREF Refinery,2016,300
Saudi Arabia,Saudi Aramco & Shell,SASREF Refinery,2017,300
Saudi Arabia,Saudi Aramco & Shell,SASREF Refinery,2018,300
Saudi Arabia,Saudi Aramco & Shell,SASREF Refinery,2019,305
Saudi Arabia,Saudi Aramco & Shell,SASREF Refinery,2020,305
Saudi Arabia,Saudi Aramco & Shell,SASREF Refinery,2021,305
Saudi Arabia,Saudi Aramco & Shell,SASREF Refinery,2022,305
Saudi Arabia,Saudi Aramco,Jazan Refinery,2021,400
Saudi Arabia,Saudi Aramco,Jazan Refinery,2022,400
Saudi Arabia,Saudi Aramco,Ras Tanura Refinery,2023,550
Saudi Arabia,Saudi Aramco,Ras Tanura Refinery,2024,550
Saudi Arabia,Saudi Aramco,Yanbu Refinery,2023,220
Saudi Arabia,Saudi Aramco,Yanbu Refinery,2024,220
Saudi Arabia,Saudi Aramco,Riyadh Refinery         ,2023,126
Saudi Arabia,Saudi Aramco,Riyadh Refinery         ,2024,126
Saudi Arabia,Saudi Aramco & Mobil,SAMREF Refinery,2023,400
Saudi Arabia,Saudi Aramco & Mobil,SAMREF Refinery,2024,400
Saudi Arabia,Saudi Aramco & Petrola,Petro Rabigh Refinery,2023,400
Saudi Arabia,Saudi Aramco & Petrola,Petro Rabigh Refinery,2024,400
Saudi Arabia,Saudi Aramco & Total,SATORP Refinery,2023,460
Saudi Arabia,Saudi Aramco & Total,SATORP Refinery,2024,460
Saudi Arabia,Saudi Aramco,YASREF Refinery,2023,430
Saudi Arabia,Saudi Aramco,YASREF Refinery,2024,430
Saudi Arabia,Saudi Aramco & Shell,SASREF Refinery,2023,305
Saudi Arabia,Saudi Aramco & Shell,SASREF Refinery,2024,305
Saudi Arabia,Saudi Aramco,Jazan Refinery,2023,400
Saudi Arabia,Saudi Aramco,Jazan Refinery,2024,400
